{
    "name": "Glucose_open_fermentation.json",
    "outputs": [
        "Acetate",
        "Propionate",
        "Butyrate"
    ],
    "coef": {
        "Acetate": {
            "Glucose": 0.7709745320370454,
            "pH": 0.46796569887800776
        },
        "Propionate": {
            "Glucose": 0.7123616474257091,
            "pH": 0.5439217466768524
        },
        "Butyrate": {
            "Glucose": 0.8463503597114652,
            "pH": -0.5627977290331344
        }
    },
    "intercept": {
        "Acetate": -0.014119098635989279,
        "Propionate": -0.02017515672578499,
        "Butyrate": 0.009471641947473967
    }
}