{
    "name": "Distillation_2.json",
    "inputs": [
        "x_F"
    ],
    "outputs": [
        "energy_consumption"
    ],
    "coef": {
        "energy_consumption": {
            "x_F**0": 0.0,
            "x_F**1": 1.2297882722624647,
            "x_F**2": -3.4189875505313747,
            "x_F**3": 5.1715974134512,
            "x_F**4": -3.1679087687509475
        }
    },
    "intercept": {
        "energy_consumption": 0.08910933671967713
    },
    "lable": "Distillation_Regresion",
    "lightKey": "water"
}