{
    "name": "Distillation_2.json",
    "inputs": [
        "x_F"
    ],
    "outputs": [
        "energy_consumption"
    ],
    "coef": {
        "energy_consumption": {
            "x_F**0": 0.0,
            "x_F**1": 4.9431488546389115,
            "x_F**2": -31.998789717888567,
            "x_F**3": 104.29627085212933,
            "x_F**4": -175.64250513947997,
            "x_F**5": 146.83398365061143,
            "x_F**6": -48.25540195956736
        }
    },
    "intercept": {
        "energy_consumption": -0.09534666292492855
    },
    "lable": "Distillation_Regresion",
    "lightKey": "water"
}