{
    "name": "open_fermentation_polynomial_ESCAPE33.json",
    "outputs": [
        "Acetate",
        "Propionate"
    ],
    "coef": {
        "Acetate": {
            "pH**0": 0.0,
            "pH**1": -0.1310351193633883,
            "pH**2": -0.4008141076646581,
            "pH**3": 0.14262959227687588,
            "pH**4": -0.017791453078643826,
            "pH**5": 0.0007660527189727873
        },
        "Propionate": {
            "pH**0": 0.0,
            "pH**1": -0.13709873673241013,
            "pH**2": -0.4460663230173054,
            "pH**3": 0.15508674612920004,
            "pH**4": -0.018953019891341683,
            "pH**5": 0.0008020055684028193
        }
    },
    "intercept": {
        "Acetate": 1.6235403996087865,
        "Propionate": 1.8583327939011212
    },
    "lable": "other"
}