{
    "name": "open_fermentation_polynomial_case_study.json",
    "outputs": [
        "CV_Acetate",
        "CV_Propionate",
        "CV_Biomass"
    ],
    "coef": {
        "CV_Acetate": {
            "pH**0": 0.0,
            "pH**1": -0.12419538958661747,
            "pH**2": 0.051447876495387845,
            "pH**3": -0.006832558852465809,
            "pH**4": 0.00032775664840301033
        },
        "CV_Propionate": {
            "pH**0": 0.0,
            "pH**1": 0.16480228436528854,
            "pH**2": -0.1422951290323624,
            "pH**3": 0.02788247370017416,
            "pH**4": -0.0016033895772125106
        },
        "CV_Biomass": {
            "pH**0": 0.0,
            "pH**1": 0.049856251397474516,
            "pH**2": -0.06260271602335621,
            "pH**3": 0.012383889435795936,
            "pH**4": -0.000678006046655355
        }
    },
    "intercept": {
        "CV_Acetate": 0.046454895191856346,
        "CV_Propionate": 0.3002030430554087,
        "CV_Biomass": 0.2024462234805813
    },
    "lable": "other"
}