{
    "name": "open_fermentation_polynomial_case_study.json",
    "outputs": [
        "CV_Acetate",
        "CV_Propionate",
        "CV_Biomass"
    ],
    "coef": {
        "CV_Acetate": {
            "pH**0": 0.0,
            "pH**1": 43.75942803177732,
            "pH**2": -17.35778788349769,
            "pH**3": 3.545360327345924,
            "pH**4": -0.39114173834715404,
            "pH**5": 0.021949008656119595
        },
        "CV_Propionate": {
            "pH**0": 0.0,
            "pH**1": -2.243641578776328,
            "pH**2": 2.9108029429650633,
            "pH**3": -1.1407071209489534,
            "pH**4": 0.20827673735915725,
            "pH**5": -0.01827285484641611
        },
        "CV_Biomass": {
            "pH**0": 0.0,
            "pH**1": -47.94540011003471,
            "pH**2": 20.25274256969719,
            "pH**3": -4.485065566246468,
            "pH**4": 0.5487635933838911,
            "pH**5": -0.03514402060641508
        }
    },
    "intercept": {
        "CV_Acetate": -44.54711483548771,
        "CV_Propionate": -1.7114572301434714,
        "CV_Biomass": 46.53076755888427
    },
    "lable": "yield_equation",
    "waterEq": "water == CV_Propionate / 0.025"
}