{
    "name": "PAC_4875_V2.xml",
    "outputs": [
        "Propionate",
        "Acetate",
        "Biomass"
    ],
    "coef": {
        "Propionate": {
            "D-Glucose": 0.3073096945759547,
            "Sucrose": 0.3349567508108469,
            "D-Fructose": 0.3170345901832551,
            "Glycerol": 0.3682614227857235,
            "Xylose": 0.3430150933685307,
            "L-Lactate": 0.4856372455479121,
            "Maltose": 0.3349567508104169,
            "Stachyose": 0.3353838426243606,
            "Dextrin": 0.2901970539172461
        },
        "Acetate": {
            "D-Glucose": 0.0,
            "Sucrose": 0.0,
            "D-Fructose": 0.005590787666046355,
            "Glycerol": 0.0542857767912464,
            "Xylose": 0.0,
            "L-Lactate": 0.0035058905766560122,
            "Maltose": 0.05248228555577828,
            "Stachyose": 0.1183963460565634,
            "Dextrin": 0.015623262146569852
        },
        "Biomass": {
            "D-Glucose": 0.40857592690086336,
            "Sucrose": 0.4300795360655915,
            "D-Fructose": 0.40857592690115624,
            "Glycerol": 0.3564428038685251,
            "Xylose": 0.37793273238329966,
            "L-Lactate": 0.20659974081520419,
            "Maltose": 0.4300795360655788,
            "Stachyose": 0.44860470329454466,
            "Dextrin": 0.4410755991985915
        }
    },
    "intercept": {
        "Propionate": "",
        "Acetate": "",
        "Biomass": ""
    },
    "lable": "SBML",
    "waterEq": "water == Propionate / 0.071"
}