{
    "name": "P_propionicum_V2.xml",
    "outputs": [
        "Propionate",
        "Acetate",
        "Biomass"
    ],
    "coef": {
        "Propionate": {
            "D-Glucose": 0.2150152264572671,
            "Sucrose": 0.2685898301793875,
            "D-Fructose": 0.2927878276331042,
            "Glycerol": 0.247024889866081,
            "L-Lactate": 0.3292033524777245,
            "Maltose": 0.2788734999956949
        },
        "Acetate": {
            "D-Glucose": 0.13648105099012686,
            "Sucrose": 0.13514512877373833,
            "D-Fructose": 0.08806729895258258,
            "Glycerol": 0.006376347107896215,
            "L-Lactate": 0.19115537014229741,
            "Maltose": 0.13141979319831243
        },
        "Biomass": {
            "D-Glucose": 0.487032180328972,
            "Sucrose": 0.4770070801584671,
            "D-Fructose": 0.48703218032907225,
            "Glycerol": 0.472034691019739,
            "L-Lactate": 0.3241673360297975,
            "Maltose": 0.4770070801584706
        }
    },
    "intercept": {
        "Propionate": "",
        "Acetate": "",
        "Biomass": ""
    },
    "lable": "SBML",
    "waterEq": "water == Propionate / 0.071"
}