{
    "name": "P_avidum_V2.xml",
    "inputs": [
        "D-Fructose",
        "Glycerol",
        "D-Glucose",
        "Maltose",
        "L-Lactate"
    ],
    "outputs": [
        "Propionate",
        "Acetate",
        "Biomass"
    ],
    "coef": {
        "Propionate": {
            "D-Glucose": 0.28605378350146543,
            "D-Fructose": 0.2860537835014647,
            "Glycerol": 0.32747593488317805,
            "L-Lactate": 0.4511362425024856,
            "Maltose": 0.2896480694612369
        },
        "Acetate": {
            "D-Glucose": 0.12016697221978227,
            "D-Fructose": 0.12016697221978233,
            "Glycerol": 0.0,
            "L-Lactate": 0.18399603360954947,
            "Maltose": 0.12206774619858092
        },
        "Biomass": {
            "D-Glucose": 0.43687524801541894,
            "D-Fructose": 0.4368752480154193,
            "Glycerol": 0.3090678298590649,
            "L-Lactate": 0.16425836967877758,
            "Maltose": 0.4795234249812729
        }
    },
    "intercept": {
        "Propionate": "",
        "Acetate": "",
        "Biomass": ""
    },
    "lable": "SBML",
    "waterEq": "water == Propionate / 0.04237"
}