{
    "name": "P_avidum_V2.xml",
    "inputs": [
        "D-Glucose",
        "Glycerol",
        "D-Fructose",
        "Maltose"
    ],
    "outputs": [
        "Propionate",
        "Acetate",
        "Biomass"
    ],
    "coef": {
        "Propionate": {
            "D-Glucose": 0.3264944431957464,
            "D-Fructose": 0.32649444319574594,
            "Glycerol": 0.48924860072791043,
            "Maltose": 0.3109326080431233
        },
        "Acetate": {
            "D-Glucose": 0.13577629130973,
            "D-Fructose": 0.13577629130973004,
            "Glycerol": 0.0,
            "Maltose": 0.13028316990626954
        },
        "Biomass": {
            "D-Glucose": 0.36752056142409517,
            "D-Fructose": 0.36752056142409834,
            "Glycerol": 0.2017653488694205,
            "Maltose": 0.44302099119935523
        }
    },
    "intercept": {
        "Propionate": "",
        "Acetate": "",
        "Biomass": ""
    },
    "lable": "SBML",
    "waterEq": "water == Propionate / 0.04237"
}