{
    "name": "P_acnes_V2.xml",
    "inputs": [
        "D-Glucose",
        "Glycerol",
        "D-Fructose",
        "Maltose",
        "L-Lactate"
    ],
    "outputs": [
        "Propionate",
        "Acetate",
        "Biomass"
    ],
    "coef": {
        "Propionate": {
            "D-Glucose": 0.3798238000020882,
            "D-Fructose": 0.3798238000020879,
            "Glycerol": 0.6569823862540409,
            "L-Lactate": 0.5496377484139616,
            "Maltose": 0.3706289609930957
        },
        "Acetate": {
            "D-Glucose": 0.1282905666519134,
            "D-Fructose": 0.12829056665191288,
            "Glycerol": 0.0,
            "L-Lactate": 0.24934587632737742,
            "Maltose": 0.109370908223772
        },
        "Biomass": {
            "D-Glucose": 0.4114453683170534,
            "D-Fructose": 0.41144536831705286,
            "Glycerol": 0.2660803796819852,
            "L-Lactate": 0.05806065968580944,
            "Maltose": 0.4851391450424491
        }
    },
    "intercept": {
        "Propionate": "",
        "Acetate": "",
        "Biomass": ""
    },
    "lable": "SBML",
    "waterEq": "water == Propionate / 0.04237"
}