{
    "name": "P_acnes_V2.xml",
    "inputs": [
        "L-Lactate",
        "Glycerol",
        "D-Fructose",
        "D-Glucose",
        "Maltose"
    ],
    "outputs": [
        "Propionate",
        "Acetate",
        "Biomass"
    ],
    "coef": {
        "Propionate": {
            "D-Glucose": 0.3481718608769388,
            "D-Fructose": 0.3481718608769385,
            "Glycerol": 0.5032464023571599,
            "L-Lactate": 0.48561750650537705,
            "Maltose": 0.3539700606538409
        },
        "Acetate": {
            "D-Glucose": 0.1079650348493818,
            "D-Fructose": 0.1079650348493812,
            "Glycerol": 0.0,
            "L-Lactate": 0.20823479438785808,
            "Maltose": 0.09867326953244505
        },
        "Biomass": {
            "D-Glucose": 0.4860796444303789,
            "D-Fructose": 0.48607964443037804,
            "Glycerol": 0.37531337765669526,
            "L-Lactate": 0.20901837486891386,
            "Maltose": 0.5244203076514201
        }
    },
    "intercept": {
        "Propionate": "",
        "Acetate": "",
        "Biomass": ""
    },
    "lable": "SBML",
    "waterEq": "water == Propionate / 0.04237"
}