{
    "name": "P_propionicum_V2.xml",
    "inputs": [
        "D-Fructose",
        "Glycerol",
        "Maltose",
        "D-Glucose",
        "L-Lactate",
        "Sucrose"
    ],
    "outputs": [
        "Propionate",
        "Acetate",
        "Biomass"
    ],
    "coef": {
        "Propionate": {
            "D-Glucose": 0.2801852667169828,
            "Sucrose": 0.26278716498487487,
            "D-Fructose": 0.27387380707320763,
            "Glycerol": 0.516005066235354,
            "L-Lactate": 0.4279294108118083,
            "Maltose": 0.26278716498487653
        },
        "Acetate": {
            "D-Glucose": 0.17477351029864527,
            "Sucrose": 0.15962007075742804,
            "D-Fructose": 0.18497334304769367,
            "Glycerol": 0.006451982719145096,
            "L-Lactate": 0.3293693215870689,
            "Maltose": 0.17085961213258039
        },
        "Biomass": {
            "D-Glucose": 0.4540379431362021,
            "Sucrose": 0.5003197967382901,
            "D-Fructose": 0.4540379431362051,
            "Glycerol": 0.35463958015743685,
            "L-Lactate": 0.1443620053231071,
            "Maltose": 0.5003197967382894
        }
    },
    "intercept": {
        "Propionate": "",
        "Acetate": "",
        "Biomass": ""
    },
    "lable": "SBML",
    "waterEq": "water == Propionate / 0.04237"
}