{
    "name": "PAC_4875_V2.xml",
    "inputs": [
        "L-Lactate",
        "D-Fructose",
        "Glycerol",
        "Dextrin",
        "Xylose",
        "Maltose",
        "D-Glucose",
        "Sucrose"
    ],
    "outputs": [
        "Propionate",
        "Acetate",
        "Biomass"
    ],
    "coef": {
        "Propionate": {
            "D-Glucose": 0.28498873037094485,
            "Sucrose": 0.2884790448317693,
            "D-Fructose": 0.2849887303709375,
            "Glycerol": 0.43522650050443185,
            "Xylose": 0.31018759386276135,
            "L-Lactate": 0.4507357989167342,
            "Maltose": 0.28847904483176784,
            "Dextrin": 0.29417282635061476
        },
        "Acetate": {
            "D-Glucose": 0.1197246813957006,
            "Sucrose": 0.12158227852385792,
            "D-Fructose": 0.11972468139570773,
            "Glycerol": 0.045735766944553016,
            "Xylose": 0.12945403295733068,
            "L-Lactate": 0.18382973906661884,
            "Maltose": 0.12158227852385907,
            "Dextrin": 0.12415155523211914
        },
        "Biomass": {
            "D-Glucose": 0.4378215918082701,
            "Sucrose": 0.4805621517546851,
            "D-Fructose": 0.4378215918082708,
            "Glycerol": 0.3493064949795801,
            "Xylose": 0.3946928976898436,
            "L-Lactate": 0.1646141803805191,
            "Maltose": 0.4805621517546853,
            "Dextrin": 0.5062456177288064
        }
    },
    "intercept": {
        "Propionate": "",
        "Acetate": "",
        "Biomass": ""
    },
    "lable": "SBML",
    "waterEq": "water == Propionate / 0.04237"
}