{
    "name": "PAC_4875_V2.xml",
    "inputs": [
        "Dextrin",
        "D-Fructose",
        "Glycerol",
        "Maltose",
        "D-Glucose",
        "Xylose",
        "Sucrose"
    ],
    "outputs": [
        "Propionate",
        "Acetate",
        "Biomass"
    ],
    "coef": {
        "Propionate": {
            "D-Glucose": 0.32559846905609885,
            "Sucrose": 0.30985257227614815,
            "D-Fructose": 0.32559846905609413,
            "Glycerol": 0.5595902162670037,
            "Xylose": 0.35891928028494574,
            "Maltose": 0.30985257227614876,
            "Dextrin": 0.30155640372683307
        },
        "Acetate": {
            "D-Glucose": 0.13540421490412077,
            "Sucrose": 0.12983465715541412,
            "D-Fructose": 0.13540421490412755,
            "Glycerol": 0.029857177233822738,
            "Xylose": 0.14826947316745115,
            "Maltose": 0.1298346571553804,
            "Dextrin": 0.1270023750756089
        },
        "Biomass": {
            "D-Glucose": 0.36831667153477243,
            "Sucrose": 0.44398064768487266,
            "D-Fructose": 0.36831667153477304,
            "Glycerol": 0.22803391363652042,
            "Xylose": 0.3112869933616471,
            "Maltose": 0.44398064768487766,
            "Dextrin": 0.49360837913818023
        }
    },
    "intercept": {
        "Propionate": "",
        "Acetate": "",
        "Biomass": ""
    },
    "lable": "SBML",
    "waterEq": "water == Propionate / 0.04237"
}