{
    "name": "P_propionicum_V2.xml",
    "inputs": [
        "D-Fructose",
        "Glycerol",
        "D-Glucose",
        "Sucrose",
        "Maltose",
        "L-Lactate"
    ],
    "outputs": [
        "Propionate",
        "Acetate",
        "Biomass"
    ],
    "coef": {
        "Propionate": {
            "D-Glucose": 0.2545508390269791,
            "Sucrose": 0.25810215897072636,
            "D-Fructose": 0.24722317647708444,
            "Glycerol": 0.3356293434706501,
            "L-Lactate": 0.37489031997343314,
            "Maltose": 0.2506546859891036
        },
        "Acetate": {
            "D-Glucose": 0.14574733278014526,
            "Sucrose": 0.1436379832301832,
            "D-Fructose": 0.15758943217828847,
            "Glycerol": 0.008751115647490348,
            "L-Lactate": 0.2693125071845054,
            "Maltose": 0.1556737060428086
        },
        "Biomass": {
            "D-Glucose": 0.5271422174668479,
            "Sucrose": 0.535761219272125,
            "D-Fructose": 0.5271422174667173,
            "Glycerol": 0.48101368435566927,
            "L-Lactate": 0.29561891239298865,
            "Maltose": 0.5357612192721224
        }
    },
    "intercept": {
        "Propionate": "",
        "Acetate": "",
        "Biomass": ""
    },
    "lable": "SBML",
    "waterEq": "water == Propionate / 0.04237"
}