{
    "outputs": [
        "Acetate",
        "Propionate",
        "Butyrate"
    ],
    "coef": {
        "coefficients": {
            "Glucose": [
                0.7709745320370454,
                0.7123616474257091,
                0.8463503597114652
            ],
            "pH": [
                0.46796569887800776,
                0.5439217466768524,
                -0.5627977290331344
            ]
        }
    },
    "intercept": [
        -0.014119098635989279,
        -0.02017515672578499,
        0.009471641947473967
    ]
}